pred_id,snapshot_ts,market_id,strike_type,floor_strike,cap_strike,expiry_iso,direction,model_prob,win_prob,cost,edge,kelly_bet_usd
1bacea40-604c-4134-a396-e1389aa54712,2026-06-14T04:57:09.274324+00:00,KXBTC-26JUN1417-B61875,between,61750.0,61999.99,2026-06-14T21:00:00+00:00,YES,0.6010,0.6010,0.0100,0.5960,25.00
c5730c1f-8d51-4f9a-91e2-ce7f5dddeadb,2026-06-14T04:57:09.274324+00:00,KXBTC-26JUN1917-B59250,between,59000.0,59499.99,2026-06-19T21:00:00+00:00,YES,0.6048,0.6048,0.0200,0.5948,25.00
109339e9-df7e-4157-95d6-ec1ecfac7585,2026-06-14T04:57:09.274324+00:00,KXBTC-26JUN1417-B61625,between,61500.0,61749.99,2026-06-14T21:00:00+00:00,YES,0.5997,0.5997,0.0100,0.5947,25.00
1992d02f-9eae-47f4-9cf3-70006d7a5c85,2026-06-14T04:57:09.274324+00:00,KXBTC-26JUN1417-B61375,between,61250.0,61499.99,2026-06-14T21:00:00+00:00,YES,0.5990,0.5990,0.0100,0.5940,25.00
3570584e-eedb-4c7e-b4b9-180117744aa8,2026-06-14T04:57:09.274324+00:00,KXBTC-26JUN1417-B61125,between,61000.0,61249.99,2026-06-14T21:00:00+00:00,YES,0.5985,0.5985,0.0100,0.5935,25.00
fe8d98a0-3af5-47f3-abf8-f06c9b236214,2026-06-14T04:57:09.274324+00:00,KXBTC-26JUN1917-B55250,between,55000.0,55499.99,2026-06-19T21:00:00+00:00,YES,0.5983,0.5983,0.0100,0.5933,25.00
0f51c349-bbdb-4840-b938-3af08a8c35a8,2026-06-14T04:57:09.274324+00:00,KXBTC-26JUN1417-B60875,between,60750.0,60999.99,2026-06-14T21:00:00+00:00,YES,0.5983,0.5983,0.0100,0.5933,25.00
6415bfb1-a79b-48be-a9ef-4b7a25abfadc,2026-06-14T04:57:09.274324+00:00,KXBTC-26JUN1917-B54750,between,54500.0,54999.99,2026-06-19T21:00:00+00:00,YES,0.5982,0.5982,0.0100,0.5932,25.00
cbc8f07d-3d76-4f35-8700-7dc06b7dbfd2,2026-06-14T04:57:09.274324+00:00,KXBTC-26JUN1917-B58750,between,58500.0,58999.99,2026-06-19T21:00:00+00:00,YES,0.6032,0.6032,0.0200,0.5932,25.00
801550f4-935f-4ce6-8fbc-643bd0c50da5,2026-06-14T04:57:09.274324+00:00,KXBTC-26JUN1417-B60625,between,60500.0,60749.99,2026-06-14T21:00:00+00:00,YES,0.5981,0.5981,0.0100,0.5931,25.00
e0f43327-aeb0-421f-b43b-f8248acfaabc,2026-06-14T04:57:09.274324+00:00,KXBTC-26JUN1917-B54250,between,54000.0,54499.99,2026-06-19T21:00:00+00:00,YES,0.5981,0.5981,0.0100,0.5931,25.00
91fc1da6-531a-4242-a6a8-3f45c4265858,2026-06-14T04:57:09.274324+00:00,KXBTC-26JUN1917-B53750,between,53500.0,53999.99,2026-06-19T21:00:00+00:00,YES,0.5981,0.5981,0.0100,0.5931,25.00
4ebe0b36-0da7-4e41-97d1-b8d65ab585c9,2026-06-14T04:57:09.274324+00:00,KXBTC-26JUN1417-B60375,between,60250.0,60499.99,2026-06-14T21:00:00+00:00,YES,0.5981,0.5981,0.0100,0.5931,25.00
b114a6d2-1791-4276-bd3a-9485b9542a09,2026-06-14T04:57:09.274324+00:00,KXBTC-26JUN1917-B53250,between,53000.0,53499.99,2026-06-19T21:00:00+00:00,YES,0.5981,0.5981,0.0100,0.5931,25.00
abdf7a92-1f20-418a-90a8-4160bb24bb53,2026-06-14T04:57:09.274324+00:00,KXBTC-26JUN1417-B60125,between,60000.0,60249.99,2026-06-14T21:00:00+00:00,YES,0.5981,0.5981,0.0100,0.5931,25.00
007fd295-ff7c-47d0-b730-065227a817d3,2026-06-14T04:57:09.274324+00:00,KXBTC-26JUN1917-B52750,between,52500.0,52999.99,2026-06-19T21:00:00+00:00,YES,0.5981,0.5981,0.0100,0.5931,25.00
6e1de1d0-f99a-407e-8447-3f12d844e8b5,2026-06-14T04:57:09.274324+00:00,KXBTC-26JUN1417-B59875,between,59750.0,59999.99,2026-06-14T21:00:00+00:00,YES,0.5980,0.5980,0.0100,0.5930,25.00
db8da524-b10f-43bb-a05e-55898f2110d6,2026-06-14T04:57:09.274324+00:00,KXBTC-26JUN1917-B52250,between,52000.0,52499.99,2026-06-19T21:00:00+00:00,YES,0.5980,0.5980,0.0100,0.5930,25.00
4466489d-b92f-48d4-b43f-decaf9c4c3fa,2026-06-14T04:57:09.274324+00:00,KXBTC-26JUN1917-B51750,between,51500.0,51999.99,2026-06-19T21:00:00+00:00,YES,0.5980,0.5980,0.0100,0.5930,25.00
0a18953b-c1ed-4c62-975a-e02e8abcb393,2026-06-14T04:57:09.274324+00:00,KXBTC-26JUN1417-B59625,between,59500.0,59749.99,2026-06-14T21:00:00+00:00,YES,0.5980,0.5980,0.0100,0.5930,25.00
5c083740-d0e7-487e-b870-926676cbb7ce,2026-06-14T04:57:09.274324+00:00,KXBTC-26JUN1917-B51250,between,51000.0,51499.99,2026-06-19T21:00:00+00:00,YES,0.5980,0.5980,0.0100,0.5930,25.00
a27fb0c7-ab01-4147-a235-96955cb3f81d,2026-06-14T04:57:09.274324+00:00,KXBTC-26JUN1417-B59375,between,59250.0,59499.99,2026-06-14T21:00:00+00:00,YES,0.5980,0.5980,0.0100,0.5930,25.00
938b58d1-4eac-4ef8-a024-8e0403066b18,2026-06-14T04:57:09.274324+00:00,KXBTC-26JUN1417-B59125,between,59000.0,59249.99,2026-06-14T21:00:00+00:00,YES,0.5980,0.5980,0.0100,0.5930,25.00
3bdf4eb1-f2b6-4529-90c2-aa4b938570b6,2026-06-14T04:57:09.274324+00:00,KXBTC-26JUN1417-B58875,between,58750.0,58999.99,2026-06-14T21:00:00+00:00,YES,0.5980,0.5980,0.0100,0.5930,25.00
a31fc98b-a265-481f-9952-222402adedf8,2026-06-14T04:57:09.274324+00:00,KXBTC-26JUN1417-B58625,between,58500.0,58749.99,2026-06-14T21:00:00+00:00,YES,0.5980,0.5980,0.0100,0.5930,25.00
c59b8463-cdb7-4ab4-aac9-cc32322e9849,2026-06-14T04:57:09.274324+00:00,KXBTC-26JUN1417-B58375,between,58250.0,58499.99,2026-06-14T21:00:00+00:00,YES,0.5980,0.5980,0.0100,0.5930,25.00
b33c2f49-4e20-46d5-ab37-b9c65a4736e8,2026-06-14T04:57:09.274324+00:00,KXBTC-26JUN1417-B58125,between,58000.0,58249.99,2026-06-14T21:00:00+00:00,YES,0.5980,0.5980,0.0100,0.5930,25.00
7c1b8a4b-ff3c-4c44-a2c1-60b12f2ea424,2026-06-14T04:57:09.274324+00:00,KXBTC-26JUN1417-B57875,between,57750.0,57999.99,2026-06-14T21:00:00+00:00,YES,0.5980,0.5980,0.0100,0.5930,25.00
5321758c-6170-4585-bfae-bbf679baff2d,2026-06-14T04:57:09.274324+00:00,KXBTC-26JUN1417-B57625,between,57500.0,57749.99,2026-06-14T21:00:00+00:00,YES,0.5980,0.5980,0.0100,0.5930,25.00
4871a14e-c782-45db-a3bc-c5cfbfa1836f,2026-06-14T04:57:09.274324+00:00,KXBTC-26JUN1417-B57375,between,57250.0,57499.99,2026-06-14T21:00:00+00:00,YES,0.5980,0.5980,0.0100,0.5930,25.00
37fb9db7-0f76-4d14-86d2-08f6b30eff1a,2026-06-14T04:57:09.274324+00:00,KXBTC-26JUN1417-B57125,between,57000.0,57249.99,2026-06-14T21:00:00+00:00,YES,0.5980,0.5980,0.0100,0.5930,25.00
a55e458b-4c2e-4f4f-bf4a-4d1acd4f1875,2026-06-14T04:57:09.274324+00:00,KXBTC-26JUN1417-B56875,between,56750.0,56999.99,2026-06-14T21:00:00+00:00,YES,0.5980,0.5980,0.0100,0.5930,25.00
55270b9f-ece5-49a3-af15-990a41191fe7,2026-06-14T04:57:09.274324+00:00,KXBTC-26JUN1417-B56625,between,56500.0,56749.99,2026-06-14T21:00:00+00:00,YES,0.5980,0.5980,0.0100,0.5930,25.00
d5e81758-8a09-4e15-a58e-569b6f86fd34,2026-06-14T04:57:09.274324+00:00,KXBTC-26JUN1417-B56375,between,56250.0,56499.99,2026-06-14T21:00:00+00:00,YES,0.5980,0.5980,0.0100,0.5930,25.00
df3e5d0d-b4d8-49a7-9477-87587e7591f0,2026-06-14T04:57:09.274324+00:00,KXBTC-26JUN1417-B56125,between,56000.0,56249.99,2026-06-14T21:00:00+00:00,YES,0.5980,0.5980,0.0100,0.5930,25.00
2b1ea122-0a54-4302-94e8-41ca01f1db6e,2026-06-14T04:57:09.274324+00:00,KXBTC-26JUN1417-B55875,between,55750.0,55999.99,2026-06-14T21:00:00+00:00,YES,0.5980,0.5980,0.0100,0.5930,25.00
b2f480b8-8ba0-43b3-8e34-a0207bbe51c2,2026-06-14T04:57:09.274324+00:00,KXBTC-26JUN1417-T53750,less,,53750.0,2026-06-14T21:00:00+00:00,YES,0.5980,0.5980,0.0100,0.5930,25.00
9c78400f-b3ad-40b9-a57d-210543d02b28,2026-06-14T04:57:09.274324+00:00,KXBTC-26JUN1417-B55625,between,55500.0,55749.99,2026-06-14T21:00:00+00:00,YES,0.5980,0.5980,0.0100,0.5930,25.00
3af5dc07-1f23-4c1c-ad6e-aba4f0c2a0e4,2026-06-14T04:57:09.274324+00:00,KXBTC-26JUN1417-B55375,between,55250.0,55499.99,2026-06-14T21:00:00+00:00,YES,0.5980,0.5980,0.0100,0.5930,25.00
1f095ee3-2995-47a8-b3fe-2710ac6655e4,2026-06-14T04:57:09.274324+00:00,KXBTC-26JUN1417-B55125,between,55000.0,55249.99,2026-06-14T21:00:00+00:00,YES,0.5980,0.5980,0.0100,0.5930,25.00
689f6350-35cc-4b34-b6ad-6fbc98ef61d9,2026-06-14T04:57:09.274324+00:00,KXBTC-26JUN1417-B54875,between,54750.0,54999.99,2026-06-14T21:00:00+00:00,YES,0.5980,0.5980,0.0100,0.5930,25.00
3e632e4d-4187-4e9b-8f30-016bbe71ecad,2026-06-14T04:57:09.274324+00:00,KXBTC-26JUN1417-B54625,between,54500.0,54749.99,2026-06-14T21:00:00+00:00,YES,0.5980,0.5980,0.0100,0.5930,25.00
2b59c5a0-6e98-4fed-8a02-25ac55581f8e,2026-06-14T04:57:09.274324+00:00,KXBTC-26JUN1417-B54375,between,54250.0,54499.99,2026-06-14T21:00:00+00:00,YES,0.5980,0.5980,0.0100,0.5930,25.00
7b8b54c6-992e-44b5-b0ed-df642c87349a,2026-06-14T04:57:09.274324+00:00,KXBTC-26JUN1417-B54125,between,54000.0,54249.99,2026-06-14T21:00:00+00:00,YES,0.5980,0.5980,0.0100,0.5930,25.00
34f05c8a-254b-445b-b58f-874fb8f325c6,2026-06-14T04:57:09.274324+00:00,KXBTC-26JUN1417-B53875,between,53750.0,53999.99,2026-06-14T21:00:00+00:00,YES,0.5980,0.5980,0.0100,0.5930,25.00
7e449a55-3191-4b21-b422-52ef80f01cf6,2026-06-14T04:57:09.274324+00:00,KXBTC-26JUN1417-B63125,between,63000.0,63249.99,2026-06-14T21:00:00+00:00,YES,0.6177,0.6177,0.0400,0.5927,25.00
ad17af8f-fb82-4911-ad92-bcb488d33f64,2026-06-14T04:57:09.274324+00:00,KXBTC-26JUN1917-B58250,between,58000.0,58499.99,2026-06-19T21:00:00+00:00,YES,0.6018,0.6018,0.0200,0.5918,25.00
9b3f200d-fdf1-4a48-858d-6783ccd0ba2f,2026-06-14T04:57:09.274324+00:00,KXBTC-26JUN1917-B59750,between,59500.0,59999.99,2026-06-19T21:00:00+00:00,YES,0.6068,0.6068,0.0300,0.5918,25.00
f4c982c8-c82e-4cf4-85c1-b206301af981,2026-06-14T04:57:09.274324+00:00,KXBTC-26JUN1917-B57750,between,57500.0,57999.99,2026-06-19T21:00:00+00:00,YES,0.6007,0.6007,0.0200,0.5907,25.00
b4042300-04c5-449c-8a65-21b339cacb44,2026-06-14T04:57:09.274324+00:00,KXBTC-26JUN1417-B62375,between,62250.0,62499.99,2026-06-14T21:00:00+00:00,YES,0.6054,0.6054,0.0300,0.5904,25.00
f239f579-b0da-4fe5-9106-0dfbb3d6e4da,2026-06-14T04:57:09.274324+00:00,KXBTC-26JUN1917-B57250,between,57000.0,57499.99,2026-06-19T21:00:00+00:00,YES,0.5999,0.5999,0.0200,0.5899,25.00
edc8de0b-3e31-43b3-8c9c-38611c892236,2026-06-14T04:57:09.274324+00:00,KXBTC-26JUN1917-B56750,between,56500.0,56999.99,2026-06-19T21:00:00+00:00,YES,0.5993,0.5993,0.0200,0.5893,25.00
45f04e0f-e71d-4315-b225-45d39f2ddeef,2026-06-14T04:57:09.274324+00:00,KXBTC-26JUN1917-B60250,between,60000.0,60499.99,2026-06-19T21:00:00+00:00,YES,0.6089,0.6089,0.0400,0.5889,25.00
18c9a1df-7dc8-4796-a5c7-0f92834d0679,2026-06-14T04:57:09.274324+00:00,KXBTC-26JUN1417-B62625,between,62500.0,62749.99,2026-06-14T21:00:00+00:00,YES,0.6088,0.6088,0.0400,0.5888,25.00
2c335e0a-afcb-41e8-80f9-de5703c7ec64,2026-06-14T04:57:09.274324+00:00,KXBTC-26JUN1917-B56250,between,56000.0,56499.99,2026-06-19T21:00:00+00:00,YES,0.5988,0.5988,0.0200,0.5888,25.00
78f41c2d-fb36-46f2-8db7-82c2f050615d,2026-06-14T04:57:09.274324+00:00,KXBTC-26JUN1917-B55750,between,55500.0,55999.99,2026-06-19T21:00:00+00:00,YES,0.5985,0.5985,0.0200,0.5885,25.00
bcd326cc-1178-4ebd-ba31-edbf1f1b54b5,2026-06-14T04:57:09.274324+00:00,KXBTC-26JUN1917-T51000,less,,51000.0,2026-06-19T21:00:00+00:00,YES,0.5980,0.5980,0.0200,0.5880,25.00
8eade2f0-d810-447f-91ab-7d66ebce0c5d,2026-06-14T04:57:09.274324+00:00,KXBTC-26JUN1417-B62875,between,62750.0,62999.99,2026-06-14T21:00:00+00:00,YES,0.6130,0.6130,0.0500,0.5880,25.00
8994baa8-9cda-4b12-bb44-08a36048a847,2026-06-14T04:57:09.274324+00:00,KXBTC-26JUN1417-B62125,between,62000.0,62249.99,2026-06-14T21:00:00+00:00,YES,0.6028,0.6028,0.0300,0.5878,25.00
de1ace2b-05ac-4e25-9bbf-8b0bfde79c7d,2026-06-14T04:57:09.274324+00:00,KXBTC-26JUN1917-B61250,between,61000.0,61499.99,2026-06-19T21:00:00+00:00,YES,0.6137,0.6137,0.0400,0.5837,25.00
37e80824-ee30-4bb2-9441-d87b0ff44ab4,2026-06-14T04:57:09.274324+00:00,KXBTC-26JUN1917-B61750,between,61500.0,61999.99,2026-06-19T21:00:00+00:00,YES,0.6160,0.6160,0.0500,0.5810,25.00
3e3b2cef-50ed-4c2e-9b02-652cbe03c1d5,2026-06-14T04:57:09.274324+00:00,KXBTC-26JUN1917-B60750,between,60500.0,60999.99,2026-06-19T21:00:00+00:00,YES,0.6113,0.6113,0.0500,0.5763,25.00
14a6fcea-fb35-420b-a56b-2f5589dc63c6,2026-06-14T04:57:09.274324+00:00,KXBTC-26JUN1917-B62250,between,62000.0,62499.99,2026-06-19T21:00:00+00:00,YES,0.6181,0.6181,0.0600,0.5731,25.00
b83b1e9c-6fcc-4975-9b6a-40a41174eb18,2026-06-14T04:57:09.274324+00:00,KXBTC-26JUN1917-B62750,between,62500.0,62999.99,2026-06-19T21:00:00+00:00,YES,0.6200,0.6200,0.0600,0.5700,25.00
73e0c774-0a8e-461b-9fcd-2f2daac9cdc4,2026-06-14T04:57:09.274324+00:00,KXBTC-26JUN1417-B63375,between,63250.0,63499.99,2026-06-14T21:00:00+00:00,YES,0.6185,0.6185,0.0800,0.5635,25.00
81a26b39-0707-4d50-9d56-863bd4977818,2026-06-14T04:57:09.274324+00:00,KXBTC-26JUN1917-B63250,between,63000.0,63499.99,2026-06-19T21:00:00+00:00,YES,0.6213,0.6213,0.0700,0.5613,25.00
d123b938-5c80-40d3-83f0-349e024ac308,2026-06-14T04:57:09.274324+00:00,KXBTC-26JUN1917-B63750,between,63500.0,63999.99,2026-06-19T21:00:00+00:00,YES,0.6181,0.6181,0.0700,0.5581,25.00
1e2cec6f-f90e-480b-8c33-f059a39fc9db,2026-06-14T04:57:09.274324+00:00,KXBTC-26JUN1417-B63625,between,63500.0,63749.99,2026-06-14T21:00:00+00:00,YES,0.6230,0.6230,0.0900,0.5580,25.00
32ed5815-fdc7-43ac-a989-c8f6401a80c2,2026-06-14T04:57:09.274324+00:00,KXBTC-26JUN1917-B64250,between,64000.0,64499.99,2026-06-19T21:00:00+00:00,YES,0.5838,0.5838,0.0700,0.5188,25.00
23c16f2e-0bdd-467a-8cc2-afbf213b20c0,2026-06-14T04:57:09.274324+00:00,KXBTC-26JUN1417-B63875,between,63750.0,63999.99,2026-06-14T21:00:00+00:00,YES,0.5921,0.5921,0.1100,0.5021,25.00
2d71838b-b625-4c02-ac9e-d21cecfb1cda,2026-06-14T04:57:09.274324+00:00,KXBTC-26JUN1417-B64125,between,64000.0,64249.99,2026-06-14T21:00:00+00:00,YES,0.5943,0.5943,0.1400,0.4793,25.00
05a97c05-e0e3-49f3-b7c0-23e023c0e694,2026-06-14T04:57:09.274324+00:00,KXBTC-26JUN1417-B64375,between,64250.0,64499.99,2026-06-14T21:00:00+00:00,YES,0.5770,0.5770,0.1500,0.4470,25.00
4e9ebc58-578c-459f-98a4-271cdf8fd582,2026-06-14T04:57:09.274324+00:00,KXBTCD-26JUN1917-T64999.99,greater,64999.99,,2026-06-19T21:00:00+00:00,NO,0.1844,0.8156,0.5700,-0.2606,25.00
84b8b8b8-8926-48e0-9d35-7bb8e6daf98e,2026-06-14T04:57:09.274324+00:00,KXBTCD-26JUN1917-T63999.99,greater,63999.99,,2026-06-19T21:00:00+00:00,YES,0.7801,0.7801,0.5800,0.2151,25.00
9bd00840-35a9-4a14-b3c2-72d96a60f016,2026-06-14T04:57:09.274324+00:00,KXBTCD-26JUN1917-T63499.99,greater,63499.99,,2026-06-19T21:00:00+00:00,YES,0.8389,0.8389,0.6400,0.2139,25.00
97637172-758d-44ff-9b3d-176313e26e9a,2026-06-14T04:57:09.274324+00:00,KXBTCD-26JUN1917-T65499.99,greater,65499.99,,2026-06-19T21:00:00+00:00,NO,0.1610,0.8390,0.6400,-0.2090,25.00
34eac056-6ab2-4e8f-ab6c-63a7134391e0,2026-06-14T04:57:09.274324+00:00,KXBTCD-26JUN1417-T64249.99,greater,64249.99,,2026-06-14T21:00:00+00:00,YES,0.7560,0.7560,0.5700,0.1910,25.00
2b2b1937-766c-4c3e-aaf6-adeaffec0ac9,2026-06-14T04:57:09.274324+00:00,KXBTC-26JUN1917-B64750,between,64500.0,64999.99,2026-06-19T21:00:00+00:00,YES,0.2544,0.2544,0.0800,0.1894,25.00
6b1288f6-aba9-4d61-aaa0-c77440f8f9f2,2026-06-14T04:57:09.274324+00:00,KXBTCD-26JUN1917-T62999.99,greater,62999.99,,2026-06-19T21:00:00+00:00,YES,0.8663,0.8663,0.7000,0.1813,25.00
eec33901-3364-4d8e-9b54-64cff0ceb697,2026-06-14T04:57:09.274324+00:00,KXBTCD-26JUN1917-T65999.99,greater,65999.99,,2026-06-19T21:00:00+00:00,NO,0.1287,0.8713,0.7000,-0.1813,25.00
d04f9442-18c1-4aff-beb9-720ceefbe527,2026-06-14T04:57:09.274324+00:00,KXBTCD-26JUN1917-T66499.99,greater,66499.99,,2026-06-19T21:00:00+00:00,NO,0.1083,0.8917,0.7400,-0.1617,25.00
111a7c12-461a-404b-91f6-063521700839,2026-06-14T04:57:09.274324+00:00,KXBTCD-26JUN1917-T62499.99,greater,62499.99,,2026-06-19T21:00:00+00:00,YES,0.8882,0.8882,0.7500,0.1532,25.00
c718cd11-0cdf-4ae7-bf66-43740572f3d4,2026-06-14T04:57:09.274324+00:00,KXBTC-26JUN1417-B64625,between,64500.0,64749.99,2026-06-14T21:00:00+00:00,YES,0.2646,0.2646,0.1400,0.1496,25.00
def2783a-9ebe-44b9-8ec9-03b3627047c7,2026-06-14T04:57:09.274324+00:00,KXBTCD-26JUN1417-T63999.99,greater,63999.99,,2026-06-14T21:00:00+00:00,YES,0.8089,0.8089,0.6900,0.1289,25.00
0a2684cf-e2f9-4310-ae14-3496cc4ed5be,2026-06-14T04:57:09.274324+00:00,KXBTCD-26JUN1917-T61999.99,greater,61999.99,,2026-06-19T21:00:00+00:00,YES,0.9083,0.9083,0.7900,0.1283,25.00
c4ede49a-7f8a-48b2-ad88-35921e91549d,2026-06-14T04:57:09.274324+00:00,KXBTCD-26JUN1917-T66999.99,greater,66999.99,,2026-06-19T21:00:00+00:00,NO,0.0898,0.9102,0.8100,-0.1102,25.00
15fdaff1-e040-4911-baed-de3de6d7464e,2026-06-14T04:57:09.274324+00:00,KXBTCD-26JUN1917-T61499.99,greater,61499.99,,2026-06-19T21:00:00+00:00,YES,0.9263,0.9263,0.8300,0.1063,25.00
325ec8a0-194a-4746-9b91-49efe328f8c4,2026-06-14T04:57:09.274324+00:00,KXBTCD-26JUN1417-T64749.99,greater,64749.99,,2026-06-14T21:00:00+00:00,NO,0.2293,0.7707,0.6700,-0.1057,25.00
a5154c5f-b1ef-4996-a4c5-e108d45d27db,2026-06-14T04:57:09.274324+00:00,KXBTCD-26JUN1917-T67499.99,greater,67499.99,,2026-06-19T21:00:00+00:00,NO,0.0735,0.9265,0.8400,-0.0965,25.00
3b46571b-f701-4101-b740-f16b34902ccd,2026-06-14T04:57:09.274324+00:00,KXBTCD-26JUN1417-T64999.99,greater,64999.99,,2026-06-14T21:00:00+00:00,NO,0.1252,0.8748,0.7900,-0.0948,25.00
1b03c1aa-4289-4e2a-83ba-89c8bd246afa,2026-06-14T04:57:09.274324+00:00,KXBTCD-26JUN1917-T64499.99,greater,64499.99,,2026-06-19T21:00:00+00:00,NO,0.4265,0.5735,0.5000,-0.0835,25.00
77b08093-c50f-4ed3-b8c3-978ad3e93a76,2026-06-14T04:57:09.274324+00:00,KXBTCD-26JUN1917-T60999.99,greater,60999.99,,2026-06-19T21:00:00+00:00,YES,0.9419,0.9419,0.8700,0.0819,25.00
1a6594b2-6e3c-4fc9-bf34-bc599c009453,2026-06-14T04:57:09.274324+00:00,KXBTCD-26JUN1917-T67999.99,greater,67999.99,,2026-06-19T21:00:00+00:00,NO,0.0593,0.9407,0.8700,-0.0807,25.00
1151bcc8-d5dc-4671-b33e-d867b258763a,2026-06-14T04:57:09.274324+00:00,KXBTCD-26JUN1917-T60499.99,greater,60499.99,,2026-06-19T21:00:00+00:00,YES,0.9552,0.9552,0.9000,0.0652,25.00
1434858c-498b-40d3-8129-eb29df614672,2026-06-14T04:57:09.274324+00:00,KXBTCD-26JUN1417-T65249.99,greater,65249.99,,2026-06-14T21:00:00+00:00,NO,0.0974,0.9026,0.8500,-0.0576,25.00
85e8d198-72e5-433b-b82d-781212a4fbe4,2026-06-14T04:57:09.274324+00:00,KXBTCD-26JUN1417-T63749.99,greater,63749.99,,2026-06-14T21:00:00+00:00,YES,0.8416,0.8416,0.7900,0.0566,25.00
b52783a4-a9c2-4d68-a16d-911ba1253305,2026-06-14T04:57:09.274324+00:00,KXBTCD-26JUN1917-T59999.99,greater,59999.99,,2026-06-19T21:00:00+00:00,YES,0.9661,0.9661,0.9200,0.0561,25.00
576dbe58-bc87-4649-8271-9571aa0c0996,2026-06-14T06:13:12.178650+00:00,KXBTCD-26JUN1403-T64299.99,greater,64299.99,,2026-06-14T07:00:00+00:00,NO,0.7050,0.2950,0.1000,-0.2000,25.00
bfbc7246-309f-4533-9501-c633fa8f5331,2026-06-14T06:13:12.178650+00:00,KXBTC-26JUN1403-B64450,between,64400.0,64499.99,2026-06-14T07:00:00+00:00,NO,0.1604,0.8396,0.6700,-0.1946,25.00
4345c83d-7814-4ae5-85ed-5c5586bc621e,2026-06-14T06:13:12.178650+00:00,KXBTCD-26JUN1403-T64199.99,greater,64199.99,,2026-06-14T07:00:00+00:00,NO,0.8279,0.1721,0.0200,-0.1571,25.00
03669e07-04e3-4731-8a5e-049c236757c8,2026-06-14T06:13:12.178650+00:00,KXBTCD-26JUN1403-T64599.99,greater,64599.99,,2026-06-14T07:00:00+00:00,YES,0.2486,0.2486,0.1100,0.1436,25.00
03351d54-9f3f-4f9c-a3f1-13c6e5655948,2026-06-14T06:13:12.178650+00:00,KXBTCD-26JUN1403-T64699.99,greater,64699.99,,2026-06-14T07:00:00+00:00,YES,0.1393,0.1393,0.0300,0.1143,25.00
068841c8-8a12-446b-80ff-0a6fd59e1202,2026-06-14T06:13:12.178650+00:00,KXBTCD-26JUN1403-T64399.99,greater,64399.99,,2026-06-14T07:00:00+00:00,NO,0.5526,0.4474,0.3500,-0.1074,25.00
6f2d1b95-a436-4dc8-9456-18fbe75fe5d0,2026-06-14T06:13:12.178650+00:00,KXBTC-26JUN1403-B64350,between,64300.0,64399.99,2026-06-14T07:00:00+00:00,NO,0.1524,0.8476,0.7600,-0.0976,25.00
900568b0-f9c7-416d-a36f-82dc54cb17d1,2026-06-14T06:13:12.178650+00:00,KXBTCD-26JUN1403-T64499.99,greater,64499.99,,2026-06-14T07:00:00+00:00,YES,0.3922,0.3922,0.3400,0.0572,19.76
cb91cd18-bfd9-4fa7-a153-a7d70ddf17e2,2026-06-14T06:13:12.178650+00:00,KXBTC-26JUN1403-B64550,between,64500.0,64599.99,2026-06-14T07:00:00+00:00,NO,0.1436,0.8564,0.8200,-0.0564,25.00
fa4864a8-b074-487d-b833-67687a25116d,2026-06-14T06:13:12.178650+00:00,KXBTC-26JUN1403-B64250,between,64200.0,64299.99,2026-06-14T07:00:00+00:00,YES,0.1229,0.1229,0.1000,0.0529,6.37
e70991f5-0d12-4219-bc8e-edc31df2da2b,2026-06-14T06:28:20.211021+00:00,KXBTCD-26JUN1403-T64099.99,greater,64099.99,,2026-06-14T07:00:00+00:00,NO,0.8779,0.1221,0.0200,-0.1071,25.00
38892ca8-44fe-4770-ba7b-7a688d0179c2,2026-06-14T06:28:20.211021+00:00,KXBTC-26JUN1403-B64150,between,64100.0,64199.99,2026-06-14T07:00:00+00:00,YES,0.1296,0.1296,0.1100,0.0596,5.50
4e5f4038-249f-42a1-9fa9-3163761cd3ce,2026-06-14T07:13:35.375540+00:00,KXBTC-26JUN1404-B64250,between,64200.0,64299.99,2026-06-14T08:00:00+00:00,NO,0.1613,0.8387,0.6200,-0.2287,25.00
7eed8d10-5b37-4b32-9236-9c2f83314e71,2026-06-14T07:13:35.375540+00:00,KXBTCD-26JUN1404-T64399.99,greater,64399.99,,2026-06-14T08:00:00+00:00,YES,0.2660,0.2660,0.0600,0.2110,25.00
cb7d817b-dc34-4ccc-b990-13878a64560e,2026-06-14T07:13:35.375540+00:00,KXBTCD-26JUN1404-T64299.99,greater,64299.99,,2026-06-14T08:00:00+00:00,YES,0.4135,0.4135,0.2400,0.1835,25.00
25e42805-a92a-4660-8001-ee0c4b34060e,2026-06-14T07:13:35.375540+00:00,KXBTCD-26JUN1404-T64099.99,greater,64099.99,,2026-06-14T08:00:00+00:00,NO,0.7246,0.2754,0.1100,-0.1754,25.00
184b7076-e2b0-42c4-8408-48339e40c7fd,2026-06-14T07:13:35.375540+00:00,KXBTCD-26JUN1404-T64499.99,greater,64499.99,,2026-06-14T08:00:00+00:00,YES,0.1513,0.1513,0.0200,0.1363,25.00
73910c00-bdf9-412e-bb67-c5a5ba393901,2026-06-14T07:13:35.375540+00:00,KXBTCD-26JUN1404-T63999.99,greater,63999.99,,2026-06-14T08:00:00+00:00,NO,0.8425,0.1575,0.0300,-0.1325,25.00
9ab342ed-7c82-4ed9-9072-e14520e1ed91,2026-06-14T07:13:35.375540+00:00,KXBTC-26JUN1404-B64150,between,64100.0,64199.99,2026-06-14T08:00:00+00:00,NO,0.1497,0.8503,0.7600,-0.1103,25.00
29b28375-31ac-4a1b-b69f-cb108c37580e,2026-06-14T07:13:35.375540+00:00,KXBTC-26JUN1404-B64050,between,64000.0,64099.99,2026-06-14T08:00:00+00:00,YES,0.1179,0.1179,0.1000,0.0579,4.98
02eef4d2-2a21-4427-b3e8-2334c2ee6b01,2026-06-14T07:13:35.375540+00:00,KXBTCD-26JUN1404-T64199.99,greater,64199.99,,2026-06-14T08:00:00+00:00,NO,0.5748,0.4252,0.4000,-0.0302,10.49
c5fdc19d-ab9f-4a3b-b796-449fe380ce3f,2026-06-14T07:13:35.375540+00:00,KXBTC-26JUN1404-B64350,between,64300.0,64399.99,2026-06-14T08:00:00+00:00,NO,0.1475,0.8525,0.8600,-0.0125,0.00
800ace43-80ed-4611-a9cc-df3e57d93f5c,2026-06-14T07:28:43.180600+00:00,KXBTCD-26JUN1404-T65299.99,greater,65299.99,,2026-06-14T08:00:00+00:00,NO,0.0000,1.0000,0.9900,-0.0250,25.00
0530a60b-8415-4f36-b434-83c1a8114540,2026-06-14T07:28:43.180600+00:00,KXBTC-26JUN1404-B64450,between,64400.0,64499.99,2026-06-14T08:00:00+00:00,YES,0.1837,0.1837,0.1900,0.0237,0.00
2eafc98a-9127-4feb-9a5f-d4a1bc1b5b8e,2026-06-14T08:13:59.739810+00:00,KXBTCD-26JUN1405-T64499.99,greater,64499.99,,2026-06-14T09:00:00+00:00,YES,0.4092,0.4092,0.1900,0.2242,25.00
901b9069-7089-4e2c-af40-b4511bed4d9f,2026-06-14T08:13:59.739810+00:00,KXBTCD-26JUN1405-T64599.99,greater,64599.99,,2026-06-14T09:00:00+00:00,YES,0.2618,0.2618,0.0600,0.2068,25.00
6b3df6c8-c1fb-4a4a-9779-9dece5a5474e,2026-06-14T08:13:59.739810+00:00,KXBTC-26JUN1405-B64450,between,64400.0,64499.99,2026-06-14T09:00:00+00:00,NO,0.1619,0.8381,0.6700,-0.1831,25.00
13b1c211-b36e-4725-b218-b160d52609dc,2026-06-14T08:13:59.739810+00:00,KXBTCD-26JUN1405-T64299.99,greater,64299.99,,2026-06-14T09:00:00+00:00,NO,0.7219,0.2781,0.1400,-0.1431,25.00
cb1dfe1b-7f48-4b00-9e28-90723aecfbc9,2026-06-14T08:13:59.739810+00:00,KXBTCD-26JUN1405-T64699.99,greater,64699.99,,2026-06-14T09:00:00+00:00,YES,0.1480,0.1480,0.0200,0.1330,25.00
f11517b8-a0ec-45b8-af2e-adda589dc650,2026-06-14T08:13:59.739810+00:00,KXBTC-26JUN1405-B64350,between,64300.0,64399.99,2026-06-14T09:00:00+00:00,NO,0.1508,0.8492,0.7600,-0.1292,25.00
94bbea87-8d0e-4353-bc92-af1ece2a2cfb,2026-06-14T08:13:59.739810+00:00,KXBTCD-26JUN1405-T64199.99,greater,64199.99,,2026-06-14T09:00:00+00:00,NO,0.8410,0.1590,0.0400,-0.1240,25.00
fee109b6-68b5-40ce-a745-3bf192d67ef3,2026-06-14T08:13:59.739810+00:00,KXBTCD-26JUN1405-T64099.99,greater,64099.99,,2026-06-14T09:00:00+00:00,NO,0.9206,0.0794,0.0200,-0.0644,15.15
20b65974-3d38-4dea-bad8-5748ef0ef6a7,2026-06-14T08:13:59.739810+00:00,KXBTC-26JUN1405-B64250,between,64200.0,64299.99,2026-06-14T09:00:00+00:00,YES,0.1191,0.1191,0.1000,0.0391,5.30
d1774904-3ab6-4a9f-a80b-6605d06d2fa6,2026-06-14T08:13:59.739810+00:00,KXBTC-26JUN1405-B64550,between,64500.0,64599.99,2026-06-14T09:00:00+00:00,YES,0.1474,0.1474,0.1700,0.0224,0.00
b9a29faf-4b76-4f63-9d44-e701a50ce9a5,2026-06-14T08:13:59.739810+00:00,KXBTCD-26JUN1405-T64399.99,greater,64399.99,,2026-06-14T09:00:00+00:00,YES,0.5711,0.5711,0.5700,0.0061,0.64
355eb839-1981-49b3-905d-8c250c90f673,2026-06-14T09:14:22.265597+00:00,KXBTCD-26JUN1406-T64499.99,greater,64499.99,,2026-06-14T10:00:00+00:00,YES,0.4315,0.4315,0.1500,0.2865,25.00
9d9898d2-a442-4765-bd50-d0c4263e215c,2026-06-14T09:14:22.265597+00:00,KXBTCD-26JUN1406-T64599.99,greater,64599.99,,2026-06-14T10:00:00+00:00,YES,0.2804,0.2804,0.0500,0.2354,25.00
bd35eb1d-35a2-45ca-8dc2-eca0abe00b88,2026-06-14T09:14:22.265597+00:00,KXBTC-26JUN1406-B64350,between,64300.0,64399.99,2026-06-14T10:00:00+00:00,NO,0.1476,0.8524,0.6600,-0.2174,25.00
6b5e3844-c7af-478b-a0ab-e0461028bb95,2026-06-14T09:14:22.265597+00:00,KXBTC-26JUN1406-B64450,between,64400.0,64499.99,2026-06-14T10:00:00+00:00,NO,0.1623,0.8377,0.6600,-0.1977,25.00
aace9f0f-92cb-4b93-a445-7b9f4a5b38ab,2026-06-14T09:14:22.265597+00:00,KXBTCD-26JUN1406-T64299.99,greater,64299.99,,2026-06-14T10:00:00+00:00,NO,0.7414,0.2586,0.0900,-0.1736,25.00
e7cfbab6-4b1a-4d9f-b360-d99bfb4029b7,2026-06-14T09:14:22.265597+00:00,KXBTCD-26JUN1406-T64699.99,greater,64699.99,,2026-06-14T10:00:00+00:00,YES,0.1610,0.1610,0.0300,0.1360,25.00
b1d6ed7a-8e64-42f4-bf5a-4de1d7a967a8,2026-06-14T09:14:22.265597+00:00,KXBTCD-26JUN1406-T64199.99,greater,64199.99,,2026-06-14T10:00:00+00:00,NO,0.8552,0.1448,0.0300,-0.1198,25.00
42a9b1c7-3bdb-4806-aa6f-c382b1e13c7e,2026-06-14T09:14:22.265597+00:00,KXBTCD-26JUN1406-T64399.99,greater,64399.99,,2026-06-14T10:00:00+00:00,YES,0.5938,0.5938,0.5200,0.0838,25.00
2f93b0e2-e97a-4e01-9384-9d307030714e,2026-06-14T09:14:22.265597+00:00,KXBTC-26JUN1406-B64550,between,64500.0,64599.99,2026-06-14T10:00:00+00:00,YES,0.1511,0.1511,0.1400,0.0211,3.23
b76dd748-8123-4b94-a150-e8920041a4ab,2026-06-14T09:14:22.265597+00:00,KXBTCD-26JUN1406-T63399.99,greater,63399.99,,2026-06-14T10:00:00+00:00,YES,1.0000,1.0000,0.9900,0.0150,25.00
5142c8b1-88c1-4a8d-9091-d06fe6fc1487,2026-06-14T09:14:22.265597+00:00,KXBTC-26JUN1406-B64250,between,64200.0,64299.99,2026-06-14T10:00:00+00:00,YES,0.1137,0.1137,0.1400,0.0137,0.00
1aa1f2bb-b737-47df-ac21-1907a45494a9,2026-06-14T09:29:29.541992+00:00,KXBTC-26JUN1406-B64150,between,64100.0,64199.99,2026-06-14T10:00:00+00:00,YES,0.1228,0.1228,0.0300,0.1028,23.92
5cb3c1f7-b149-49ec-8b9d-37619c08abf1,2026-06-14T09:29:29.541992+00:00,KXBTCD-26JUN1406-T64099.99,greater,64099.99,,2026-06-14T10:00:00+00:00,NO,0.8924,0.1076,0.0200,-0.0926,22.34
339b4092-2ae7-432d-b0d6-5415fb480fb8,2026-06-14T10:14:44.698944+00:00,KXBTCD-26JUN1407-T64699.99,greater,64699.99,,2026-06-14T11:00:00+00:00,YES,0.2533,0.2533,0.0600,0.1983,25.00
1680531b-614a-41c5-83a6-5ac79dde978c,2026-06-14T10:14:44.698944+00:00,KXBTCD-26JUN1407-T64599.99,greater,64599.99,,2026-06-14T11:00:00+00:00,YES,0.4001,0.4001,0.2500,0.1551,25.00
386514a6-ad18-4ebd-b535-ec0a4e4869a4,2026-06-14T10:14:44.698944+00:00,KXBTCD-26JUN1407-T64799.99,greater,64799.99,,2026-06-14T11:00:00+00:00,YES,0.1414,0.1414,0.0300,0.1164,25.00
8ce7f411-d1da-4f00-8de4-7087251554a5,2026-06-14T10:14:44.698944+00:00,KXBTC-26JUN1407-B64550,between,64500.0,64599.99,2026-06-14T11:00:00+00:00,NO,0.1628,0.8372,0.7300,-0.1122,25.00
8e9de3ee-6064-4426-8ccf-23aea5646425,2026-06-14T10:14:44.698944+00:00,KXBTCD-26JUN1407-T64299.99,greater,64299.99,,2026-06-14T11:00:00+00:00,NO,0.8372,0.1628,0.0600,-0.1078,25.00
8fdad933-84dc-4bfb-9760-7f8fba1efec8,2026-06-14T10:14:44.698944+00:00,KXBTC-26JUN1407-B64450,between,64400.0,64499.99,2026-06-14T11:00:00+00:00,NO,0.1529,0.8471,0.7500,-0.1021,25.00
ab95075c-3c2f-4ede-afdf-495b3c38ddae,2026-06-14T10:14:44.698944+00:00,KXBTCD-26JUN1407-T64399.99,greater,64399.99,,2026-06-14T11:00:00+00:00,NO,0.7158,0.2842,0.2000,-0.0892,25.00
eecf231b-dbf2-489b-996b-ac1ecc040deb,2026-06-14T10:14:44.698944+00:00,KXBTCD-26JUN1407-T64199.99,greater,64199.99,,2026-06-14T11:00:00+00:00,NO,0.9187,0.0813,0.0200,-0.0663,15.63
8ed412b2-0dc2-45f6-9477-1f9aba6ddb42,2026-06-14T10:14:44.698944+00:00,KXBTCD-26JUN1407-T64899.99,greater,64899.99,,2026-06-14T11:00:00+00:00,YES,0.0689,0.0689,0.0200,0.0539,12.48
33d89e85-76a8-4c95-a77a-2cb7e9747fb6,2026-06-14T10:14:44.698944+00:00,KXBTCD-26JUN1407-T64499.99,greater,64499.99,,2026-06-14T11:00:00+00:00,YES,0.5629,0.5629,0.5200,0.0479,22.34
0db4d202-6836-4bf1-a8ac-244ecd16890b,2026-06-14T10:14:44.698944+00:00,KXBTC-26JUN1407-B64650,between,64600.0,64699.99,2026-06-14T11:00:00+00:00,NO,0.1467,0.8533,0.8500,-0.0183,5.48
b5e18d31-bcd2-4aec-bbb7-b1ed2e13c2ad,2026-06-14T10:14:44.698944+00:00,KXBTCD-26JUN1407-T63799.99,greater,63799.99,,2026-06-14T11:00:00+00:00,YES,0.9989,0.9989,0.9900,0.0139,25.00
5b55832c-138c-40b1-b5ad-db63dc247dce,2026-06-14T11:15:13.008975+00:00,KXBTCD-26JUN1408-T64699.99,greater,64699.99,,2026-06-14T12:00:00+00:00,YES,0.2737,0.2737,0.0900,0.1887,25.00
bc35f7fb-7def-41e2-be9e-0bde1cc36c95,2026-06-14T11:15:13.008975+00:00,KXBTCD-26JUN1408-T64399.99,greater,64399.99,,2026-06-14T12:00:00+00:00,NO,0.7385,0.2615,0.1100,-0.1565,25.00
7f2446bb-c53f-4c21-aa8f-d58106ffcf60,2026-06-14T11:15:13.008975+00:00,KXBTCD-26JUN1408-T64799.99,greater,64799.99,,2026-06-14T12:00:00+00:00,YES,0.1554,0.1554,0.0200,0.1404,25.00
c241ef01-923a-414e-9f61-a40ecc98dfdb,2026-06-14T11:15:13.008975+00:00,KXBTCD-26JUN1408-T64599.99,greater,64599.99,,2026-06-14T12:00:00+00:00,YES,0.4251,0.4251,0.2900,0.1401,25.00
0ad05642-c8ff-49a4-b3df-0a563c8cae8d,2026-06-14T11:15:13.008975+00:00,KXBTCD-26JUN1408-T64299.99,greater,64299.99,,2026-06-14T12:00:00+00:00,NO,0.8539,0.1461,0.0300,-0.1211,25.00
cd68ef31-1297-4006-a0e0-fd06c2d7d3b1,2026-06-14T11:15:13.008975+00:00,KXBTC-26JUN1408-B64450,between,64400.0,64499.99,2026-06-14T12:00:00+00:00,NO,0.1496,0.8504,0.8000,-0.1004,25.00
e94e5bf6-087c-4e19-9d0f-d518f419a315,2026-06-14T11:15:13.008975+00:00,KXBTCD-26JUN1408-T64499.99,greater,64499.99,,2026-06-14T12:00:00+00:00,NO,0.5889,0.4111,0.3600,-0.0561,19.98
5d9a5d2e-d62b-4524-aaeb-b265815cc6d9,2026-06-14T11:15:13.008975+00:00,KXBTCD-26JUN1408-T64199.99,greater,64199.99,,2026-06-14T12:00:00+00:00,NO,0.9291,0.0709,0.0300,-0.0459,10.55
1246fa66-bd67-42c6-bdfe-86eca8c98816,2026-06-14T11:15:13.008975+00:00,KXBTC-26JUN1408-B64650,between,64600.0,64699.99,2026-06-14T12:00:00+00:00,NO,0.1514,0.8486,0.8500,-0.0436,0.00
d1c5abca-bfd2-49e9-a4fd-7b955b32817a,2026-06-14T11:15:13.008975+00:00,KXBTC-26JUN1408-B64350,between,64300.0,64399.99,2026-06-14T12:00:00+00:00,YES,0.1154,0.1154,0.1100,0.0204,1.52
a535da96-2795-477c-970d-95f36d2a2a14,2026-06-14T11:15:13.008975+00:00,KXBTCD-26JUN1408-T64099.99,greater,64099.99,,2026-06-14T12:00:00+00:00,NO,0.9703,0.0297,0.0200,-0.0147,2.48
b80df88a-cd62-49c0-9649-1589600ad2c6,2026-06-14T11:30:17.846431+00:00,KXBTC-26JUN1408-B64550,between,64500.0,64599.99,2026-06-14T12:00:00+00:00,NO,0.2002,0.7998,0.6300,-0.1798,25.00
a1566889-a4c9-4a60-bcb9-e8db36fc54fa,2026-06-14T12:00:29.824886+00:00,KXBTCD-26JUN1409-T64699.99,greater,64699.99,,2026-06-14T13:00:00+00:00,YES,0.3639,0.3639,0.1100,0.2589,25.00
19082c12-8fb9-420e-b2b4-362df4a796b8,2026-06-14T12:00:29.824886+00:00,KXBTCD-26JUN1409-T64599.99,greater,64599.99,,2026-06-14T13:00:00+00:00,YES,0.5041,0.5041,0.3000,0.2141,25.00
43b0f6f5-fc8e-4fa5-b83c-f433f95c6843,2026-06-14T12:00:29.824886+00:00,KXBTCD-26JUN1409-T64799.99,greater,64799.99,,2026-06-14T13:00:00+00:00,YES,0.2402,0.2402,0.0400,0.2052,25.00
32cb6dea-5941-42ad-ae19-5752856c543a,2026-06-14T12:00:29.824886+00:00,KXBTCD-26JUN1409-T64299.99,greater,64299.99,,2026-06-14T13:00:00+00:00,NO,0.8618,0.1382,0.0600,-0.0832,20.80
3af27f0e-3ce8-46bf-9aa6-7d14da89ac8a,2026-06-14T12:00:29.824886+00:00,KXBTCD-26JUN1409-T64399.99,greater,64399.99,,2026-06-14T13:00:00+00:00,NO,0.7668,0.2332,0.1700,-0.0682,19.03
b537b18d-ce84-45fb-91ee-bcef686f6c39,2026-06-14T12:00:29.824886+00:00,KXBTCD-26JUN1409-T64199.99,greater,64199.99,,2026-06-14T13:00:00+00:00,NO,0.9263,0.0737,0.0200,-0.0587,13.70
c9d0b021-f038-4eef-ac79-ac5eb55611b3,2026-06-14T12:00:29.824886+00:00,KXBTCD-26JUN1409-T64499.99,greater,64499.99,,2026-06-14T13:00:00+00:00,YES,0.6440,0.6440,0.6000,0.0490,25.00
d8b810d4-a819-4006-83c8-21f823f865c3,2026-06-14T12:15:36.631915+00:00,KXBTC-26JUN1409-B64450,between,64400.0,64499.99,2026-06-14T13:00:00+00:00,NO,0.1621,0.8379,0.7200,-0.1579,25.00
f56d8ea7-42a1-4ac4-8cca-6e961d085f7d,2026-06-14T12:15:36.631915+00:00,KXBTC-26JUN1409-B64550,between,64500.0,64599.99,2026-06-14T13:00:00+00:00,NO,0.1592,0.8408,0.7700,-0.0908,25.00
c6ccdcbe-5cf7-415e-ba28-ae7ae178fd13,2026-06-14T12:15:36.631915+00:00,KXBTC-26JUN1409-B64650,between,64600.0,64699.99,2026-06-14T13:00:00+00:00,YES,0.1320,0.1320,0.1100,0.0470,6.17
90adf41f-874f-42f0-bbc9-0e0ba22fbee4,2026-06-14T12:15:36.631915+00:00,KXBTCD-26JUN1409-T64099.99,greater,64099.99,,2026-06-14T13:00:00+00:00,NO,0.9476,0.0524,0.0200,-0.0374,8.25
199f9702-3460-405c-9b23-76723130cf02,2026-06-14T12:15:36.631915+00:00,KXBTC-26JUN1409-B64250,between,64200.0,64299.99,2026-06-14T13:00:00+00:00,YES,0.1010,0.1010,0.1000,0.0210,0.27
778faeef-9e9a-44c7-93d5-93629f6d9327,2026-06-14T12:15:36.631915+00:00,KXBTCD-26JUN1409-T63999.99,greater,63999.99,,2026-06-14T13:00:00+00:00,NO,0.9793,0.0207,0.0200,-0.0057,0.17
457ed507-4305-4da2-813f-cf940e81d069,2026-06-14T12:30:40.389737+00:00,KXBTC-26JUN1409-B64350,between,64300.0,64399.99,2026-06-14T13:00:00+00:00,NO,0.1570,0.8430,0.8100,-0.0630,25.00
d1377ae7-79fc-4fc5-87f9-d7e7e7e11c25,2026-06-14T12:30:40.389737+00:00,KXBTCD-26JUN1409-T64999.99,greater,64999.99,,2026-06-14T13:00:00+00:00,NO,0.0048,0.9952,0.9900,-0.0102,25.00
59419050-07d9-4088-8f48-789a1837e607,2026-06-14T13:00:54.202540+00:00,KXBTCD-26JUN1410-T64499.99,greater,64499.99,,2026-06-14T14:00:00+00:00,YES,0.2541,0.2541,0.1100,0.1491,25.00
03161950-3960-4e28-9824-8d1e4c8c4b9d,2026-06-14T13:00:54.202540+00:00,KXBTCD-26JUN1410-T64099.99,greater,64099.99,,2026-06-14T14:00:00+00:00,NO,0.7814,0.2186,0.0800,-0.1436,25.00
fbbf646d-a591-4f5d-8cf9-871c1b6e8a3e,2026-06-14T13:00:54.202540+00:00,KXBTCD-26JUN1410-T64199.99,greater,64199.99,,2026-06-14T14:00:00+00:00,NO,0.6615,0.3385,0.2100,-0.1335,25.00
e4ea48de-0016-4d0d-8c17-f2cae3828c7a,2026-06-14T13:00:54.202540+00:00,KXBTCD-26JUN1410-T64599.99,greater,64599.99,,2026-06-14T14:00:00+00:00,YES,0.1539,0.1539,0.0400,0.1189,25.00
f500c55a-2d53-4d59-b6ca-bffac776d367,2026-06-14T13:00:54.202540+00:00,KXBTCD-26JUN1410-T64399.99,greater,64399.99,,2026-06-14T14:00:00+00:00,YES,0.3810,0.3810,0.2700,0.1160,25.00
f3f665bf-2ab8-4561-b5ee-44c171cba41c,2026-06-14T13:00:54.202540+00:00,KXBTCD-26JUN1410-T63999.99,greater,63999.99,,2026-06-14T14:00:00+00:00,NO,0.8724,0.1276,0.0300,-0.1026,25.00
6631204b-4e70-4066-bc08-9d392dc90363,2026-06-14T13:00:54.202540+00:00,KXBTCD-26JUN1410-T64699.99,greater,64699.99,,2026-06-14T14:00:00+00:00,YES,0.0842,0.0842,0.0200,0.0692,16.38
581aed01-3017-4c4f-9650-69ad395cf33b,2026-06-14T13:00:54.202540+00:00,KXBTCD-26JUN1410-T64299.99,greater,64299.99,,2026-06-14T14:00:00+00:00,NO,0.5226,0.4774,0.4600,-0.0224,8.08
5deccc6a-adbc-431b-a075-d42ba264eda9,2026-06-14T13:16:01.726881+00:00,KXBTC-26JUN1410-B64350,between,64300.0,64399.99,2026-06-14T14:00:00+00:00,NO,0.1633,0.8367,0.7500,-0.1067,25.00
d2a003d6-218c-42c1-874a-d182f3bd1390,2026-06-14T13:16:01.726881+00:00,KXBTC-26JUN1410-B64250,between,64200.0,64299.99,2026-06-14T14:00:00+00:00,NO,0.1413,0.8587,0.8300,-0.0587,25.00
facdbd77-3b40-4efc-8e37-188b95150288,2026-06-14T13:16:01.726881+00:00,KXBTC-26JUN1410-B64450,between,64400.0,64499.99,2026-06-14T14:00:00+00:00,NO,0.1590,0.8410,0.8400,-0.0210,1.52
2d8b47d2-3193-4cc3-8f3e-ad33c4601b9a,2026-06-14T13:16:01.726881+00:00,KXBTCD-26JUN1410-T63799.99,greater,63799.99,,2026-06-14T14:00:00+00:00,YES,0.9928,0.9928,0.9900,0.0078,25.00
b73fd18f-97a0-487a-86e1-f54940959da1,2026-06-14T13:46:09.999445+00:00,KXBTC-26JUN1410-B64150,between,64100.0,64199.99,2026-06-14T14:00:00+00:00,YES,0.0768,0.0768,0.0500,0.0468,7.06
05b79df0-c92c-44c2-b4d4-3bda3be136ff,2026-06-14T14:01:19.106186+00:00,KXBTCD-26JUN1411-T64499.99,greater,64499.99,,2026-06-14T15:00:00+00:00,YES,0.2709,0.2709,0.0800,0.2009,25.00
036c04c3-5fcf-45f8-beb9-b409599345c7,2026-06-14T14:01:19.106186+00:00,KXBTCD-26JUN1411-T64399.99,greater,64399.99,,2026-06-14T15:00:00+00:00,YES,0.4013,0.4013,0.2400,0.1663,25.00
ecf870b1-8925-4996-a984-52fbd15b0748,2026-06-14T14:01:19.106186+00:00,KXBTCD-26JUN1411-T64599.99,greater,64599.99,,2026-06-14T15:00:00+00:00,YES,0.1661,0.1661,0.0200,0.1511,25.00
0d0d993e-0544-4e35-974e-2e0cf07b2a7e,2026-06-14T14:01:19.106186+00:00,KXBTCD-26JUN1411-T64099.99,greater,64099.99,,2026-06-14T15:00:00+00:00,NO,0.7979,0.2021,0.0700,-0.1371,25.00
b4b70e92-a589-40e1-8bfd-66324175109e,2026-06-14T14:01:19.106186+00:00,KXBTCD-26JUN1411-T63999.99,greater,63999.99,,2026-06-14T15:00:00+00:00,NO,0.8842,0.1158,0.0300,-0.0958,22.10
512c62c6-7450-47ea-99e5-cc89edac0eb2,2026-06-14T14:01:19.106186+00:00,KXBTCD-26JUN1411-T64199.99,greater,64199.99,,2026-06-14T15:00:00+00:00,NO,0.6816,0.3184,0.2400,-0.0884,25.00
20506910-9ec0-4ceb-9180-4a4e078ab12b,2026-06-14T14:01:19.106186+00:00,KXBTCD-26JUN1411-T64299.99,greater,64299.99,,2026-06-14T15:00:00+00:00,YES,0.5441,0.5441,0.5000,0.0491,22.06
bce5b354-517b-4905-81b0-37c08b16640d,2026-06-14T14:16:26.349372+00:00,KXBTC-26JUN1411-B64250,between,64200.0,64299.99,2026-06-14T15:00:00+00:00,NO,0.1599,0.8401,0.7100,-0.1551,25.00
726c1b8a-76ca-4ec1-81f6-495dd9f6e777,2026-06-14T14:16:26.349372+00:00,KXBTC-26JUN1411-B64350,between,64300.0,64399.99,2026-06-14T15:00:00+00:00,NO,0.1643,0.8357,0.7400,-0.1157,25.00
4f6fa50d-9d61-4d93-8ca9-e72298e4fc18,2026-06-14T14:16:26.349372+00:00,KXBTCD-26JUN1411-T64699.99,greater,64699.99,,2026-06-14T15:00:00+00:00,YES,0.0546,0.0546,0.0200,0.0396,8.82
642ad45a-5ae7-4839-b6bb-01fe6e27a33c,2026-06-14T14:16:26.349372+00:00,KXBTC-26JUN1411-B64150,between,64100.0,64199.99,2026-06-14T15:00:00+00:00,NO,0.1308,0.8692,0.8500,-0.0342,25.00
72f76f9b-a319-4b3b-8af7-8e58893a6abd,2026-06-14T14:16:26.349372+00:00,KXBTCD-26JUN1411-T63899.99,greater,63899.99,,2026-06-14T15:00:00+00:00,NO,0.9600,0.0400,0.0200,-0.0250,5.09
6bb6d660-9058-4471-b960-fa028cd692d4,2026-06-14T14:31:30.209736+00:00,KXBTC-26JUN1411-B64050,between,64000.0,64099.99,2026-06-14T15:00:00+00:00,NO,0.1839,0.8161,0.7700,-0.0711,25.00
a8fa58d9-b53c-45b1-9ac2-ccee5becf4bd,2026-06-14T14:31:30.209736+00:00,KXBTCD-26JUN1411-T63799.99,greater,63799.99,,2026-06-14T15:00:00+00:00,NO,0.9617,0.0383,0.0200,-0.0233,4.67
a7634b7b-39d6-451f-8ffc-6116a5cbefb3,2026-06-14T14:31:30.209736+00:00,KXBTC-26JUN1411-B63950,between,63900.0,63999.99,2026-06-14T15:00:00+00:00,YES,0.1271,0.1271,0.1400,0.0121,0.00
26cfb3e3-2606-4d23-a054-2ac3bf41c0f2,2026-06-14T14:46:34.641011+00:00,KXBTC-26JUN1411-B63850,between,63800.0,63899.99,2026-06-14T15:00:00+00:00,NO,0.2052,0.7948,0.7300,-0.0998,25.00
0f56538c-2af1-43ec-bd1a-cb18d1678da1,2026-06-14T14:46:34.641011+00:00,KXBTC-26JUN1411-B63750,between,63700.0,63799.99,2026-06-14T15:00:00+00:00,NO,0.0835,0.9165,0.9200,-0.0265,0.00
7b441ae2-eae6-4117-95a7-180c9a73c3b5,2026-06-14T14:46:34.641011+00:00,KXBTCD-26JUN1411-T63699.99,greater,63699.99,,2026-06-14T15:00:00+00:00,YES,0.9775,0.9775,0.9800,0.0025,0.00
97b1e861-0f31-48a3-a93d-25b7b6139ae2,2026-06-14T15:01:44.097088+00:00,KXBTCD-26JUN1412-T64299.99,greater,64299.99,,2026-06-14T16:00:00+00:00,YES,0.2379,0.2379,0.1500,0.0929,25.00
b4343e43-f3f4-480d-a1eb-9955f36a4639,2026-06-14T15:01:44.097088+00:00,KXBTCD-26JUN1412-T64199.99,greater,64199.99,,2026-06-14T16:00:00+00:00,YES,0.3620,0.3620,0.2800,0.0870,25.00
7e0cdc2f-729f-4972-8666-dd4ee6bfe6ba,2026-06-14T15:01:44.097088+00:00,KXBTCD-26JUN1412-T64399.99,greater,64399.99,,2026-06-14T16:00:00+00:00,YES,0.1417,0.1417,0.0800,0.0667,16.77
0a7dcb71-bf79-4559-ac23-7c60a35a13d2,2026-06-14T15:01:44.097088+00:00,KXBTCD-26JUN1412-T63899.99,greater,63899.99,,2026-06-14T16:00:00+00:00,NO,0.7675,0.2325,0.1800,-0.0625,16.00
67693524-da95-4a92-96e6-d8d92e5f6ef9,2026-06-14T15:01:44.097088+00:00,KXBTCD-26JUN1412-T63799.99,greater,63799.99,,2026-06-14T16:00:00+00:00,NO,0.8628,0.1372,0.0900,-0.0522,12.96
bedbe44d-ad25-47a6-9251-6629da173656,2026-06-14T15:01:44.097088+00:00,KXBTCD-26JUN1412-T64499.99,greater,64499.99,,2026-06-14T16:00:00+00:00,YES,0.0761,0.0761,0.0500,0.0361,6.87
c2e43419-2062-4b0c-b4b8-55e6eb8a1568,2026-06-14T15:01:44.097088+00:00,KXBTCD-26JUN1412-T64099.99,greater,64099.99,,2026-06-14T16:00:00+00:00,YES,0.5031,0.5031,0.4800,0.0331,11.08
829a101e-6a1f-4218-9db8-9612773ab7d8,2026-06-14T15:01:44.097088+00:00,KXBTCD-26JUN1412-T63699.99,greater,63699.99,,2026-06-14T16:00:00+00:00,NO,0.9273,0.0727,0.0500,-0.0277,5.97
cad10a9c-7d08-4103-9ad1-f9958be8e47e,2026-06-14T15:01:44.097088+00:00,KXBTCD-26JUN1412-T63999.99,greater,63999.99,,2026-06-14T16:00:00+00:00,NO,0.6439,0.3561,0.3400,-0.0261,6.10
35be40ae-bdbd-4202-b5b5-8aba5c362686,2026-06-14T15:01:44.097088+00:00,KXBTCD-26JUN1412-T64599.99,greater,64599.99,,2026-06-14T16:00:00+00:00,YES,0.0367,0.0367,0.0300,0.0167,1.73
8b80b2fb-7556-400a-b575-a75d098aac31,2026-06-14T15:01:44.097088+00:00,KXBTCD-26JUN1412-T63599.99,greater,63599.99,,2026-06-14T16:00:00+00:00,NO,0.9656,0.0344,0.0300,-0.0094,1.14
1f653a66-2d56-4329-a968-6ac4595c9de5,2026-06-14T15:01:44.097088+00:00,KXBTCD-26JUN1412-T63499.99,greater,63499.99,,2026-06-14T16:00:00+00:00,YES,0.9855,0.9855,0.9900,0.0005,0.00
0370153c-daa3-49d4-acf2-9bbec94794a7,2026-06-14T15:16:53.887596+00:00,KXBTC-26JUN1412-B64150,between,64100.0,64199.99,2026-06-14T16:00:00+00:00,NO,0.1614,0.8386,0.7900,-0.0686,25.00
a46e78ae-7880-4254-90bc-84dae562921a,2026-06-14T15:16:53.887596+00:00,KXBTC-26JUN1412-B64050,between,64000.0,64099.99,2026-06-14T16:00:00+00:00,NO,0.1633,0.8367,0.8000,-0.0667,25.00
af15552a-cb46-4546-b811-7c703536e2be,2026-06-14T15:16:53.887596+00:00,KXBTC-26JUN1412-B64350,between,64300.0,64399.99,2026-06-14T16:00:00+00:00,YES,0.0941,0.0941,0.0800,0.0341,3.84
fca823a3-9bc1-420b-8d44-2af36c6ca3bf,2026-06-14T15:16:53.887596+00:00,KXBTC-26JUN1412-B64250,between,64200.0,64299.99,2026-06-14T16:00:00+00:00,NO,0.1343,0.8657,0.8700,-0.0007,0.00
28f4b580-0522-4d7b-af8a-4d30ba70c1e7,2026-06-14T15:31:58.180710+00:00,KXBTC-26JUN1412-B63950,between,63900.0,63999.99,2026-06-14T16:00:00+00:00,NO,0.1924,0.8076,0.7400,-0.0826,25.00
efbb329d-a885-4285-93f6-dd73b783f334,2026-06-14T15:31:58.180710+00:00,KXBTC-26JUN1412-B63850,between,63800.0,63899.99,2026-06-14T16:00:00+00:00,YES,0.1407,0.1407,0.1400,0.0207,0.20
c04521be-7789-438a-b837-777aec3f2173,2026-06-14T16:02:17.359532+00:00,KXBTCD-26JUN1413-T64199.99,greater,64199.99,,2026-06-14T17:00:00+00:00,YES,0.2737,0.2737,0.1500,0.1287,25.00
bd3cd5b5-d9d2-40e7-9d83-1f96634d8daa,2026-06-14T16:02:17.359532+00:00,KXBTCD-26JUN1413-T64299.99,greater,64299.99,,2026-06-14T17:00:00+00:00,YES,0.1680,0.1680,0.0600,0.1180,25.00
f65402cb-ecae-4e47-ae53-eada058773a4,2026-06-14T16:02:17.359532+00:00,KXBTCD-26JUN1413-T63799.99,greater,63799.99,,2026-06-14T17:00:00+00:00,NO,0.8010,0.1990,0.0900,-0.1140,25.00
c33c8673-306d-4c07-8616-2653e6409f93,2026-06-14T16:02:17.359532+00:00,KXBTCD-26JUN1413-T63899.99,greater,63899.99,,2026-06-14T17:00:00+00:00,NO,0.6853,0.3147,0.2300,-0.0897,25.00
1a2a72c4-998c-4588-8ba5-8306114b779b,2026-06-14T16:02:17.359532+00:00,KXBTCD-26JUN1413-T63699.99,greater,63699.99,,2026-06-14T17:00:00+00:00,NO,0.8865,0.1135,0.0400,-0.0835,19.14
1f6e8c37-d621-4c02-867c-07639427ac7e,2026-06-14T16:02:17.359532+00:00,KXBTCD-26JUN1413-T64099.99,greater,64099.99,,2026-06-14T17:00:00+00:00,YES,0.4048,0.4048,0.3300,0.0798,25.00
929cf3a3-ccb4-4e1a-bb5f-7cfc74f933ba,2026-06-14T16:02:17.359532+00:00,KXBTCD-26JUN1413-T64399.99,greater,64399.99,,2026-06-14T17:00:00+00:00,YES,0.0931,0.0931,0.0200,0.0781,18.66
68e88830-2b1a-4c4c-b5d5-014809c1b9ab,2026-06-14T16:02:17.359532+00:00,KXBTCD-26JUN1413-T63599.99,greater,63599.99,,2026-06-14T17:00:00+00:00,NO,0.9420,0.0580,0.0200,-0.0430,9.69
d237dc81-81bc-47cb-a227-89690ba5c6f4,2026-06-14T16:02:17.359532+00:00,KXBTCD-26JUN1413-T64499.99,greater,64499.99,,2026-06-14T17:00:00+00:00,YES,0.0464,0.0464,0.0200,0.0314,6.74
2bffe8b6-03f2-4766-bc94-6f0ab7087cd9,2026-06-14T16:02:17.359532+00:00,KXBTCD-26JUN1413-T63999.99,greater,63999.99,,2026-06-14T17:00:00+00:00,NO,0.5480,0.4520,0.4300,-0.0270,9.65
2c73e478-2067-4827-b191-0db5111faa24,2026-06-14T16:02:17.359532+00:00,KXBTCD-26JUN1413-T64599.99,greater,64599.99,,2026-06-14T17:00:00+00:00,YES,0.0207,0.0207,0.0300,0.0007,0.00
a85fec23-50e4-40cb-ba91-ae47214dec95,2026-06-14T16:17:24.324464+00:00,KXBTC-26JUN1413-B64050,between,64000.0,64099.99,2026-06-14T17:00:00+00:00,NO,0.1619,0.8381,0.7300,-0.1231,25.00
b0db61a4-c265-4184-ac77-272b4a38ddc4,2026-06-14T16:17:24.324464+00:00,KXBTC-26JUN1413-B64150,between,64100.0,64199.99,2026-06-14T17:00:00+00:00,NO,0.1639,0.8361,0.7700,-0.0711,25.00
1937a720-153f-429b-864c-e3f4651eacf6,2026-06-14T16:17:24.324464+00:00,KXBTC-26JUN1413-B63950,between,63900.0,63999.99,2026-06-14T17:00:00+00:00,NO,0.1343,0.8657,0.8600,-0.0257,10.18
8ddac951-e1b6-431e-b346-5ae24b1f8fd3,2026-06-14T16:17:24.324464+00:00,KXBTC-26JUN1413-B64250,between,64200.0,64299.99,2026-06-14T17:00:00+00:00,YES,0.1394,0.1394,0.1400,0.0194,0.00
1b46b950-fdb0-4007-811a-f1642ea07edf,2026-06-14T16:32:29.637657+00:00,KXBTC-26JUN1413-B64350,between,64300.0,64399.99,2026-06-14T17:00:00+00:00,YES,0.1190,0.1190,0.0600,0.0790,15.69
